N,log_R_c,t3_lower,t5_lower,t5_log_free,t5_log_block,t5_block_a,chernoff_certified,asymptotic_upper,asymptotic_lower,fixup_block_a,top_place_c,counting_places,boundary_hit
2,0.6931471805599453,0.6931471805599453,0.0,0.0,0.0,3,2.635909431180761,0.24960578112284124,0.12480289056142062,2,3,1,0
3,1.0986122886681098,0.6931471805599453,0.0,0.0,0.0,3,3.2112716594185784,0.6270362125157086,0.3135181062578543,3,4,1,0
5,1.6094379124341003,0.0,0.0,0.0,0.0,4,4.052595561312603,1.345712147482763,0.6728560737413815,3,5,2,0
8,2.0794415416798357,0.0,0.0,0.0,0.0,4,4.947528886279169,2.2464520301055706,1.1232260150527853,4,6,2,0
13,2.70805020110221,0.0,0.0,0.0,0.0,5,6.001382473426526,3.4179153876400856,1.7089576938200428,4,7,3,0
21,3.4965075614664802,0.0,0.0,0.0,0.0,5,7.18039039342643,4.815507636711385,2.4077538183556926,5,8,3,0
34,4.430816798843313,0.6931471805599453,0.0,0.0,0.0,6,8.511821552828463,6.460366257640764,3.230183128820382,5,9,4,0
55,5.493061443340548,0.6931471805599453,0.0,0.0,0.0,6,9.995806520731827,8.342853615180992,4.171426807590496,6,10,4,0
89,6.732210706467206,0.6931471805599453,0.0,0.0,0.0,7,11.642555199399444,10.46724924994652,5.23362462497326,6,11,5,0
100,7.071573364211532,0.6931471805599453,0.0,0.0,0.0,7,12.066357835117,11.017805121105866,5.508902560552933,6,11,5,0
144,8.116417072794205,0.6931471805599453,0.0,0.0,0.0,7,13.457477568489384,12.831690196714952,6.415845098357476,7,12,5,0
233,9.687878048875998,1.3862943611198906,0.47000362924573563,0.0,0.47000362924573563,8,15.447634443586194,15.436975295947658,7.718487647973829,7,13,6,0
316,10.751520856703959,1.3862943611198906,1.1631508098056809,0.6931471805599453,0.47000362924573563,8,16.80075657147701,17.211011193024518,8.605505596512259,8,13,5,0
377,11.423285180885026,1.3862943611198906,1.1631508098056809,0.6931471805599453,0.47000362924573563,8,17.61826566626727,18.28276609767498,9.14138304883749,8,14,6,0
610,13.349304508774852,1.791759469228055,1.6331544390514166,0.0,1.6331544390514166,9,19.974901367694933,21.36920460660723,10.684602303303615,8,15,7,0
987,15.457127138762583,1.791759469228055,2.3263016196113617,0.6931471805599453,1.6331544390514166,9,22.521511890759818,24.696231720185683,12.348115860092841,9,16,7,0
1000,15.515039051768536,1.791759469228055,3.019448800171307,1.3862943611198906,1.6331544390514166,9,22.59345497374086,24.79006152248819,12.395030761244096,9,16,7,0
1597,17.759470080317982,3.1780538303479458,3.3910123566037904,0.0,3.3910123566037904,10,25.26252442608348,28.26387187057301,14.131935935286505,9,17,8,0
2584,20.257222684249577,3.1780538303479458,5.182771825831845,1.791759469228055,3.3910123566037904,10,28.201280949853295,32.072115016210354,16.036057508105177,10,18,8,0
3162,21.356088211521914,4.0943445622221,6.163601078843572,2.772588722239781,3.3910123566037904,10,29.493695609427835,33.74129291189054,16.87064645594527,10,18,8,0
4181,22.951995475486072,4.564348191467836,6.386744630157781,0.6931471805599453,5.693597449597836,11,31.3410179892724,36.12096526356247,18.060482631781234,10,19,9,0
6765,25.850941918382393,4.564348191467836,8.871651279945782,3.1780538303479458,5.693597449597836,11,34.68466579902775,40.41042094061326,20.20521047030663,11,20,9,0
10000,28.349441878782304,6.173786103901937,9.90127069712694,1.3862943611198906,8.514976336007049,12,37.551753166291185,44.07122048442346,22.03561024221173,11,20,9,0
10946,28.95133817835199,6.173786103901937,10.306735805235103,1.791759469228055,8.514976336007049,12,38.23438091045873,44.94048272554425,22.470241362772125,11,21,10,0
17711,32.261780017920714,6.173786103901937,12.60932089822915,4.0943445622221,8.514976336007049,12,41.99281990245082,49.71115034421474,24.85557517210737,12,22,10,0
28657,35.77821634188928,8.525161361065415,14.32491900649164,2.4849066497880004,11.84001235670364,13,45.961427839601996,54.72242390710423,27.361211953552115,12,23,11,0
31623,36.52243885514101,8.738735461363474,15.018066187051586,3.1780538303479458,11.84001235670364,13,46.799788671302366,55.77771448281459,27.888857241407294,12,23,11,0
46368,39.50761484025632,8.525161361065415,17.880267067981055,6.040254711277414,11.84001235670364,13,50.142470335882585,59.97430336981047,29.987151684905236,13,24,11,0
75025,43.44766800107511,10.355072596257846,19.75426463544608,4.0943445622221,15.659920073223981,14,54.53704273555487,65.46678875013504,32.73339437506752,13,25,12,0
100000,45.901515278555564,9.980448593672257,22.239171285234082,6.579251212010101,15.659920073223981,14,57.26374375119201,68.86128200691165,34.430641003455825,14,25,11,0
121393,47.60281217181144,10.355072596257846,23.18177932542561,7.521859252201629,15.659920073223981,14,59.146902313529644,71.19988004095693,35.59994002047846,14,26,12,0
196418,51.972762317306334,13.263862939678027,25.093339994466284,5.123963979403259,19.969376015063027,15,63.973087742771504,77.17357724511888,38.58678862255944,14,27,13,0
316228,56.511459961982574,13.650909462262176,30.324448611320875,10.355072596257846,19.969376015063027,15,68.96334375917328,83.32216096472143,41.66108048236072,15,27,12,0
317811,56.55909098089879,13.263862939678027,30.014363129872855,10.044987114809828,19.969376015063027,15,69.01680369313277,83.38788036148819,41.69394018074409,15,28,13,0
514229,61.36348990432433,16.648168453669964,32.03756495322982,7.272398392570047,24.765166560659768,16,74.27916878364184,89.84278939051542,44.92139469525771,15,29,14,0
832040,66.38565204345929,16.648168453669964,37.81830846902214,13.053141908362376,24.765166560659768,16,79.76088846775164,96.53830433202161,48.269152166010805,16,30,14,0
1000000,68.36323626767086,17.774241561357528,39.80228549800129,15.037118937341523,24.765166560659768,16,81.9137461608127,99.16024608995276,49.58012304497638,16,30,14,0
