N,R_c,log_R_c,log_N_sq,ratio,S_c,log_S_c
2,2,0.6931471805599453,0.4804530139182014,1.4426950408889634,5,1.6094379124341003
3,3,1.0986122886681098,1.206948960812582,0.9102392266268374,8,2.0794415416798357
5,5,1.6094379124341003,2.5902903939802346,0.6213349345596119,17,2.833213344056216
8,8,2.0794415416798357,4.324077125263812,0.4808983469629879,37,3.6109179126442243
13,15,2.70805020110221,6.5789652063423505,0.4116225145090532,99,4.59511985013459
21,33,3.4965075614664802,9.269116873801375,0.3772212184905293,295,5.68697535633982
34,84,4.430816798843313,12.43521854957117,0.3563119362301928,1059,6.9650803456014065
55,243,5.493061443340548,16.058719257465423,0.3420609922417641,4377,8.384118837190895
89,839,6.732210706467206,20.14785645968212,0.33414029526858274,21728,9.986357030358423
100,1178,7.071573364211532,21.207592441913597,0.33344536319151613,32815,10.398641006907823
144,3349,8.116417072794205,24.699044232642496,0.3286125971654996,126786,11.750255904794983
233,16121,9.687878048875998,29.71382022225194,0.32603946501705583,891210,13.700335368918056
316,46701,10.751520856703959,33.128568429266366,0.3245392531723729,3363201,15.028403757000595
377,91426,11.423285180885026,35.19153296400009,0.3246032275027835,7502243,15.830712600461684
610,627378,13.349304508774852,41.132455795270204,0.3245443105857511,76365964,18.15104765749111
987,5163510,15.457127138762583,47.53647495266169,0.3251635118959762,942944614,20.664518105044625
1000,5471367,15.515039051768536,47.71708299430558,0.3251464271950584,1012301495,20.73549228340282
1597,51622598,17.759470080317982,54.403637464356905,0.32643901966947114,14139743492,23.372255356656236
2584,627480206,20.257222684249577,61.73392400188839,0.32813761658225266,259600451787,26.282409562094553
3162,1882917385,21.356088211521914,64.94683656800603,0.32882414818094935,933205429727,27.5618911954726
4181,9288059389,22.951995475486072,69.52734246957374,0.3301146665505046,5818132343788,29.39200042304226
6765,168624792070,25.850941918382393,77.78388964903729,0.3323431373131691,160590245307789,32.70987717654165
10000,2051191333923,28.349441878782304,84.83036976765439,0.33418977138057787,2762416641841503,35.55488228640028
10946,3744608463695,28.95133817835199,86.50356684567492,0.3346837504400493,5439620335463231,36.23248566206787
17711,102591891766018,32.261780017920714,95.68637353180763,0.33716169635372795,227740873000171141,39.96698485560525
28657,3453678679842562,35.77821634188928,105.33230992009162,0.3396699110560829,11760626040917434518,43.911288849718275
31623,7269317878341895,36.52243885514101,107.36358313571473,0.34017529769823546,27062789714391086131,44.74469138497989
46368,143859689393134172,39.50761484025632,115.44137592505929,0.3422309767505141,752387975666598011384,48.06978378988763
75025,7397457256555167407,43.44766800107511,126.01357158097599,0.3447856247226177,59630724348660154452430,52.44245790332275
100000,86054739937088273106,45.901515278555564,132.54745276195996,0.34630250768371557,899394853396806994137481,55.15600910493236
121393,471670428935266987285,47.60281217181144,137.04889687413487,0.3473418119923261,5864796811448529881262976,57.031010069108106
196418,37280685011902641045055,51.972762317306334,148.54735181000777,0.3498733682158101,717100900255782183031605822,61.83725878815661
316228,3488311227470952215112422,56.511459961982574,160.3824365829746,0.35235441714184274,103319337948477211553692152222,66.80762207126931
317811,3658483616175208100921788,56.55909098089879,160.50893638641438,0.3523734706255645,108971957150731783562003867597,66.86088808612129
514229,446503693530556882975055182,61.36348990432433,172.933650604222,0.354838342277071,20641774057119273925551366233931,72.10486967912085
832040,67752037466917668041431054553,66.38565204345929,185.82149446308617,0.35725496792109235,4866712777351915098025093358567081,77.56772678360313
1000000,489526578056005407591009119276,68.36323626767086,190.8683319772223,0.35816961126809205,41622455058489734175028627072468173,79.71394787549902
